dataset,k,metric,threshold,bow,classifier,acc
title,0,_,0.0,tfidf,rfc,0.4083333333333333
title,0,_,0.0,tfidf,xgc,0.5416666666666666
title,0,_,0.0,tfidf,nnc,0.5433333333333333
title,0,_,0.0,count,rfc,0.42
title,0,_,0.0,count,xgc,0.535
title,0,_,0.0,count,nnc,0.5316666666666666
title,0,_,0.0,bm25,rfc,0.4066666666666667
title,0,_,0.0,bm25,xgc,0.49166666666666664
title,0,_,0.0,bm25,nnc,0.5466666666666666
